{"name": "PARA-CROSS", "version": "1.0", "location": {"callable": {"_m1_00action_file__newest_slot": ["renpy/common/00action_file.rpy", 156], "Help.__call__": ["renpy/common/00action_menu.rpy", 330], "Play.periodic": ["renpy/common/00action_audio.rpy", 75], "InputValue.enter": ["renpy/common/00inputvalues.rpy", 93], "_m1_00gltest__gl_test": ["renpy/common/00gltest.rpy", 298], "director.SetList.get_selected": ["renpy/common/00director.rpy", 1100], "_warper.easeout_quad": ["renpy/common/000atl.rpy", 63], "MusicRoom.SetSingleTrack": ["renpy/common/00musicroom.rpy", 535], "FieldInputValue.__init__": ["renpy/common/00inputvalues.rpy", 209], "gui._scale": ["renpy/common/_errorhandling.rpym", 51], "Gallery.show": ["renpy/common/00gallery.rpy", 433], "_gamepad.EventWatcher.__init__": ["renpy/common/00gamepad.rpy", 83], "DictValue.get_style": ["renpy/common/00barvalues.rpy", 206], "layeredimage.Layer.__init__": ["renpy/common/00layeredimage.rpy", 96], "_console.PrettyRepr.repr_set": ["renpy/common/00console.rpy", 178], "NVLCharacter.do_add": ["renpy/common/00nvl_mode.rpy", 340], "alt": ["renpy/common/00accessibility.rpy", 46], "XScrollValue.get_adjustment": ["renpy/common/00barvalues.rpy", 479], "director.Commit.get_sensitive": ["renpy/common/00director.rpy", 1207], "director.ToggleList.__call__": ["renpy/common/00director.rpy", 1114], "_CopyFile.__call__": ["renpy/common/_errorhandling.rpym", 455], "Placeholder.__init__": ["renpy/common/00placeholder.rpy", 35], "FieldValue.get_style": ["renpy/common/00barvalues.rpy", 301], "nvl_show": ["renpy/common/00nvl_mode.rpy", 239], "iap.IOSBackend.identifier": ["renpy/common/00iap.rpy", 221], "director.ToggleAttribute.__init__": ["renpy/common/00director.rpy", 1060], "Function.__init__": ["renpy/common/00action_other.rpy", 528], "DictInputValue.__init__": ["renpy/common/00inputvalues.rpy", 241], "_m1_developer__ImageLocationPicker.render": ["renpy/common/_developer/developer.rpym", 424], "_InputValueAction.__call__": ["renpy/common/00inputvalues.rpy", 33], "layeredimage.RawAttributeGroup.execute": ["renpy/common/00layeredimage.rpy", 289], "ScreenVariableInputValue.set_text": ["renpy/common/00inputvalues.rpy", 183], "director.SemiModal.event": ["renpy/common/00director.rpy", 1303], "_try_eval": ["renpy/common/000statements.rpy", 34], "iap.AndroidBackend.has_purchased": ["renpy/common/00iap.rpy", 170], "achievement.PersistentBackend.has": ["renpy/common/00achievement.rpy", 103], "_console.DebugConsole.__init__": ["renpy/common/00console.rpy", 462], "PauseAudio.__call__": ["renpy/common/00action_audio.rpy", 246], "director.SetAudio.__init__": ["renpy/common/00director.rpy", 1168], "iap.purchase": ["renpy/common/00iap.rpy", 399], "XScrollValue.__init__": ["renpy/common/00barvalues.rpy", 476], "SensitiveIf.__init__": ["renpy/common/00action_other.rpy", 123], "_m1_00gallery__GalleryAllPriorCondition.check": ["renpy/common/00gallery.rpy", 26], "Confirm.get_tooltip": ["renpy/common/00action_other.rpy", 587], "_warper.ease_elastic": ["renpy/common/000atl.rpy", 194], "Jump.__init__": ["renpy/common/00action_control.rpy", 75], "_m1__errorhandling__TooltipAction.unhovered": ["renpy/common/_errorhandling.rpym", 481], "iap.IOSBackend.is_deferred": ["renpy/common/00iap.rpy", 277], "layeredimage.LayeredImage.add": ["renpy/common/00layeredimage.rpy", 621], "ShowMenu.predict": ["renpy/common/00action_menu.rpy", 73], "director.component_key": ["renpy/common/00director.rpy", 1337], "MouseMove.__call__": ["renpy/common/00action_other.rpy", 483], "director.SetList.__init__": ["renpy/common/00director.rpy", 1088], "ToggleSetMembership.__init__": ["renpy/common/00action_data.rpy", 471], "_TouchKeyboardTextInput.__init__": ["renpy/common/00touchkeyboard.rpy", 32], "StaticValue.__init__": ["renpy/common/00barvalues.rpy", 38], "MixerValue.__init__": ["renpy/common/00barvalues.rpy", 449], "iap.Purchase.__call__": ["renpy/common/00iap.rpy", 450], "_m1_00musicroom__MusicRoomTogglePause.periodic": ["renpy/common/00musicroom.rpy", 142], "DictValue.get_adjustment": ["renpy/common/00barvalues.rpy", 186], "layeredimage.LayeredImageProxy.__init__": ["renpy/common/00layeredimage.rpy", 1100], "updater.Updater.test_write": ["renpy/common/00updater.rpy", 709], "achievement.progress": ["renpy/common/00achievement.rpy", 355], "FileDelete.__call__": ["renpy/common/00action_file.rpy", 506], "NVLSpeaker.do_extend": ["renpy/common/00nvl_mode.rpy", 408], "_console.DebugConsole.older": ["renpy/common/00console.rpy", 528], "small": ["game/gui.rpy", 396], "ColorizeMatrix.__call__": ["renpy/common/00matrixcolor.rpy", 282], "With.__init__": ["renpy/common/00action_other.rpy", 186], "layeredimage.RawAttribute.__init__": ["renpy/common/00layeredimage.rpy", 259], "_joystick_preferences": ["renpy/common/_layout/classic_joystick_preferences.rpym", 87], "Confirm.get_sensitive": ["renpy/common/00action_other.rpy", 578], "_warper.ease_quad": ["renpy/common/000atl.rpy", 71], "director.get_stop_statement": ["renpy/common/00director.rpy", 403], "director.SemiModal.get_placement": ["renpy/common/00director.rpy", 1327], "build.classify": ["renpy/common/00build.rpy", 185], "Return.__call__": ["renpy/common/00action_control.rpy", 56], "FileSave.get_sensitive": ["renpy/common/00action_file.rpy", 386], "InputValue.set_text": ["renpy/common/00inputvalues.rpy", 90], "ToggleScreen.__call__": ["renpy/common/00action_control.rpy", 159], "FilePageNameInputValue.set_text": ["renpy/common/00action_file.rpy", 687], "_warper.easeout_bounce": ["renpy/common/000atl.rpy", 216], "director.audio_filename_to_code": ["renpy/common/00director.rpy", 103], "StylePreference.get_selected": ["renpy/common/00stylepreferences.rpy", 186], "iap.with_background": ["renpy/common/00iap.rpy", 350], "_console.ConsoleHistoryEntry.update_lines": ["renpy/common/00console.rpy", 403], "_m1_00musicroom__MusicRoomTogglePause.__init__": ["renpy/common/00musicroom.rpy", 124], "director.get_ordered_attributes": ["renpy/common/00director.rpy", 658], "_m1_00screen__TooltipAction.__call__": ["renpy/common/00action_other.rpy", 315], "layeredimage.parse_conditions": ["renpy/common/00layeredimage.rpy", 1004], "_console.PrettyRepr._to_shorted_list": ["renpy/common/00console.rpy", 297], "NullAction.__call__": ["renpy/common/00action_control.rpy", 35], "_predict_screens": ["renpy/common/00library.rpy", 230], "director.is_play": ["renpy/common/00director.rpy", 109], "_MultiplyMatrix.__init__": ["renpy/common/00matrixcolor.rpy", 76], "FilePagePrevious.get_sensitive": ["renpy/common/00action_file.rpy", 891], "_warper.easein_expo": ["renpy/common/000atl.rpy", 135], "_warper.easein_bounce": ["renpy/common/000atl.rpy", 203], "_console.watch": ["renpy/common/00console.rpy", 816], "gui.TogglePreference.__call__": ["renpy/common/00gui.rpy", 221], "_warper.easeout_circ": ["renpy/common/000atl.rpy", 148], "layeredimage.Condition.apply_format": ["renpy/common/00layeredimage.rpy", 374], "SetScreenVariable.get_selected": ["renpy/common/00action_data.rpy", 148], "_warper.easeout_quint": ["renpy/common/000atl.rpy", 114], "achievement.SteamBackend.grant": ["renpy/common/00achievement.rpy", 181], "Language.__init__": ["renpy/common/00action_other.rpy", 377], "layeredimage.parse_property": ["renpy/common/00layeredimage.rpy", 797], "layeredimage.Layer.check": ["renpy/common/00layeredimage.rpy", 121], "SetMute.__init__": ["renpy/common/00action_audio.rpy", 174], "FilePage.predict": ["renpy/common/00action_file.rpy", 592], "_warper.easein_elastic": ["renpy/common/000atl.rpy", 184], "iap.Purchase.get_sensitive": ["renpy/common/00iap.rpy", 471], "NVLCharacter.pop_nvl_list": ["renpy/common/00nvl_mode.rpy", 336], "achievement.PersistentBackend.clear": ["renpy/common/00achievement.rpy", 94], "_console.escape": ["renpy/common/00console.rpy", 927], "_m1_00musicroom__MusicRoomPlay.get_sensitive": ["renpy/common/00musicroom.rpy", 54], "nvl_window": ["renpy/common/00nvl_mode.rpy", 236], "layeredimage.RawAlways.__init__": ["renpy/common/00layeredimage.rpy", 504], "Play.get_selected": ["renpy/common/00action_audio.rpy", 67], "_m1_00gallery__GalleryToggleSlideshow.get_selected": ["renpy/common/00gallery.rpy", 136], "_init_language": ["renpy/common/00start.rpy", 70], "_warper.easeout_back": ["renpy/common/000atl.rpy", 166], "Gallery.button": ["renpy/common/00gallery.rpy", 229], "Skip.__call__": ["renpy/common/00action_menu.rpy", 248], "_m1__errorhandling__YScrollValue.get_adjustment": ["renpy/common/_errorhandling.rpym", 512], "SetField.get_selected": ["renpy/common/00action_data.rpy", 78], "_m1_00screen__DisplayAction.get_selected": ["renpy/common/00preferences.rpy", 56], "InvertMatrix.get": ["renpy/common/00matrixcolor.rpy", 349], "_console.unwatchall": ["renpy/common/00console.rpy", 886], "MusicRoom.Play": ["renpy/common/00musicroom.rpy", 443], "layeredimage.RawCondition.execute": ["renpy/common/00layeredimage.rpy", 402], "RollbackToIdentifier.__call__": ["renpy/common/00action_other.rpy", 247], "ShowTransient": ["renpy/common/00action_control.rpy", 174], "director.init": ["renpy/common/00director.rpy", 310], "_init_window": ["renpy/common/000window.rpy", 118], "director.is_interesting": ["renpy/common/00director.rpy", 122], "_m1__errorhandling__Tooltip.action": ["renpy/common/_errorhandling.rpym", 491], "SetVoiceMute.__call__": ["renpy/common/00voice.rpy", 159], "_m1_00action_other__TooltipAction.unhovered": ["renpy/common/00action_other.rpy", 320], "iap.AndroidBackend.__init__": ["renpy/common/00iap.rpy", 119], "layeredimage.LayeredImageProxy.filter_attributes": ["renpy/common/00layeredimage.rpy", 1141], "director.audio_filename_to_display": ["renpy/common/00director.rpy", 106], "Gallery.Next": ["renpy/common/00gallery.rpy", 533], "Placeholder.after_setstate": ["renpy/common/00placeholder.rpy", 32], "_console.DebugConsole.backup": ["renpy/common/00console.rpy", 481], "predict_say": ["renpy/common/00library.rpy", 259], "layeredimage.RawLayeredImage.execute": ["renpy/common/00layeredimage.rpy", 780], "updater.Updater.clean_old": ["renpy/common/00updater.rpy", 1296], "FilePageNext.get_sensitive": ["renpy/common/00action_file.rpy", 821], "build.classify_renpy": ["renpy/common/00build.rpy", 110], "Screenshot.__call__": ["renpy/common/00action_other.rpy", 146], "_TouchKeyboardBackspace.__call__": ["renpy/common/00touchkeyboard.rpy", 47], "TintMatrix.__init__": ["renpy/common/00matrixcolor.rpy", 158], "Notify.__init__": ["renpy/common/00action_other.rpy", 201], "Play.__call__": ["renpy/common/00action_audio.rpy", 63], "MusicRoom.previous": ["renpy/common/00musicroom.rpy", 436], "_keymap_toggle_afm": ["renpy/common/00keymap.rpy", 207], "_m1_00musicroom__MusicRoomRandomPlay.__init__": ["renpy/common/00musicroom.rpy", 77], "SetDict.__init__": ["renpy/common/00action_data.rpy", 106], "Rollback.get_sensitive": ["renpy/common/00action_other.rpy", 233], "director.needs_space": ["renpy/common/00director.rpy", 514], "updater.Updater.download": ["renpy/common/00updater.rpy", 869], "achievement.Backend.progress": ["renpy/common/00achievement.rpy", 61], "MusicRoom.Next": ["renpy/common/00musicroom.rpy", 506], "ToggleSetMembership.get_selected": ["renpy/common/00action_data.rpy", 475], "director.get_tags": ["renpy/common/00director.rpy", 610], "_locale_to_language_function": ["renpy/common/00defaults.rpy", 126], "_reload_game": ["renpy/common/00keymap.rpy", 328], "_m1_00gallery__GalleryUnlockCondition.check": ["renpy/common/00gallery.rpy", 42], "_error_hyperlink_function": ["renpy/common/_errorhandling.rpym", 266], "_console.PrettyRepr.repr_tuple": ["renpy/common/00console.rpy", 152], "_gamepad.EventWatcher.event": ["renpy/common/00gamepad.rpy", 91], "achievement.Backend.clear": ["renpy/common/00achievement.rpy", 51], "NVLCharacter.do_done": ["renpy/common/00nvl_mode.rpy", 385], "Confirm.get_selected": ["renpy/common/00action_other.rpy", 584], "FileSave.__call__": ["renpy/common/00action_file.rpy", 367], "_console.PrettyRepr.repr_defaultdict": ["renpy/common/00console.rpy", 207], "NVLCharacter.__init__": ["renpy/common/00nvl_mode.rpy", 295], "gui.SetPreference.__init__": ["renpy/common/00gui.rpy", 179], "PlayCharacterVoice.get_selected": ["renpy/common/00voice.rpy", 238], "iap.IOSBackend.__init__": ["renpy/common/00iap.rpy", 196], "FileUsedSlots": ["renpy/common/00action_file.rpy", 188], "director.get_statement": ["renpy/common/00director.rpy", 415], "ToggleScreen.get_selected": ["renpy/common/00action_control.rpy", 170], "iap.IOSBackend.validate_products": ["renpy/common/00iap.rpy", 245], "ToggleDict.__call__": ["renpy/common/00action_data.rpy", 278], "layeredimage.RawAttribute.execute": ["renpy/common/00layeredimage.rpy", 264], "iap.NoneBackend.consume": ["renpy/common/00iap.rpy", 84], "iap.get_store_name": ["renpy/common/00iap.rpy", 531], "ShowMenu.get_sensitive": ["renpy/common/00action_menu.rpy", 120], "updater.update_command": ["renpy/common/00updater.rpy", 1498], "_warper.easeout_quart": ["renpy/common/000atl.rpy", 97], "_gl_performance_test": ["renpy/common/00gltest.rpy", 319], "updater.Updater.proceed": ["renpy/common/00updater.rpy", 598], "updater.update": ["renpy/common/00updater.rpy", 1380], "_m1_00gallery__GalleryArbitraryCondition.__init__": ["renpy/common/00gallery.rpy", 31], "AnimatedValue.get_adjustment": ["renpy/common/00barvalues.rpy", 81], "layeredimage.RawConditionGroup.__init__": ["renpy/common/00layeredimage.rpy", 436], "achievement.steam_preinit": ["renpy/common/00achievement.rpy", 236], "FileLoad.get_sensitive": ["renpy/common/00action_file.rpy", 464], "icon.Icon.__init__": ["renpy/common/00icon.rpy", 31], "MusicRoom.Previous": ["renpy/common/00musicroom.rpy", 516], "updater.Updater.path": ["renpy/common/00updater.rpy", 677], "_m1_00stylepreferences__change_language": ["renpy/common/00stylepreferences.rpy", 122], "_warper.ease": ["renpy/common/000atl.rpy", 52], "icon.Icon.visit": ["renpy/common/00icon.rpy", 78], "iap.Restore.get_sensitive": ["renpy/common/00iap.rpy", 389], "layeredimage.format_function": ["renpy/common/00layeredimage.rpy", 17], "iap.has_purchased": ["renpy/common/00iap.rpy", 481], "_console.load": ["renpy/common/00console.rpy", 784], "SetMixer.get_selected": ["renpy/common/00action_audio.rpy", 153], "GamepadCalibrate": ["renpy/common/00gamepad.rpy", 263], "Replay.__call__": ["renpy/common/00action_other.rpy", 420], "Gallery.ToggleSlideshow": ["renpy/common/00gallery.rpy", 563], "_m1_00stylepreferences__apply_styles": ["renpy/common/00stylepreferences.rpy", 100], "SelectedIf.__init__": ["renpy/common/00action_other.rpy", 90], "_clear_performance": ["renpy/common/00performance.rpy", 26], "iap.AndroidBackend.get_price": ["renpy/common/00iap.rpy", 180], "updater.Updater.update": ["renpy/common/00updater.rpy", 385], "_m1_developer__FPSMeter.__init__": ["renpy/common/_developer/developer.rpym", 344], "director.SetAudio.get_selected": ["renpy/common/00director.rpy", 1176], "_ease_in_time_warp": ["renpy/common/00definitions.rpy", 113], "_console.renpy_unwatchall": ["renpy/common/00console.rpy", 891], "_side_per_interact": ["renpy/common/00sideimage.rpy", 46], "_m1__errorhandling__can_open_traceback": ["renpy/common/_errorhandling.rpym", 467], "YScrollValue.get_adjustment": ["renpy/common/00barvalues.rpy", 503], "_console.unescape": ["renpy/common/00console.rpy", 931], "_console.long": ["renpy/common/00console.rpy", 923], "iap.is_deferred": ["renpy/common/00iap.rpy", 500], "SetCharacterVolume": ["renpy/common/00voice.rpy", 167], "director.SetTag.__init__": ["renpy/common/00director.rpy", 1032], "achievement.SteamBackend.register": ["renpy/common/00achievement.rpy", 175], "MusicRoom.SetLoop": ["renpy/common/00musicroom.rpy", 526], "director.SetKind.__call__": ["renpy/common/00director.rpy", 1003], "updater.Updater.update_filename": ["renpy/common/00updater.rpy", 798], "_m1__errorhandling__TooltipAction.__call__": ["renpy/common/_errorhandling.rpym", 476], "gui.button_properties": ["renpy/common/00gui.rpy", 244], "Scroll.__init__": ["renpy/common/00action_other.rpy", 611], "ShowMenu.__call__": ["renpy/common/00action_menu.rpy", 77], "_console.save": ["renpy/common/00console.rpy", 797], "updater.Updater.clean_new": ["renpy/common/00updater.rpy", 1300], "director.line_log_callback": ["renpy/common/00director.rpy", 303], "_console.PrettyRepr.repr_RevertableList": ["renpy/common/00console.rpy", 168], "director.pick_tag": ["renpy/common/00director.rpy", 473], "FileDelete.__init__": ["renpy/common/00action_file.rpy", 500], "updater.Update.__init__": ["renpy/common/00updater.rpy", 1445], "_warper.ease_quart": ["renpy/common/000atl.rpy", 105], "sv": ["renpy/common/00accessibility.rpy", 46], "FilePageName": ["renpy/common/00action_file.rpy", 595], "_joystick_take_binding": ["renpy/common/_layout/classic_joystick_preferences.rpym", 78], "NVLSpeaker.do_done": ["renpy/common/00nvl_mode.rpy", 385], "ToggleScreenVariable.get_selected": ["renpy/common/00action_data.rpy", 372], "AnimatedValue.__init__": ["renpy/common/00barvalues.rpy", 69], "director.Commit.__call__": ["renpy/common/00director.rpy", 1185], "_warper.easein_quad": ["renpy/common/000atl.rpy", 67], "QuickLoad": ["renpy/common/00action_file.rpy", 937], "RollForward.get_sensitive": ["renpy/common/00action_other.rpy", 285], "Gallery.image": ["renpy/common/00gallery.rpy", 246], "_console.DebugConsole.start": ["renpy/common/00console.rpy", 486], "_window_auto_callback": ["renpy/common/000window.rpy", 105], "OpacityMatrix.get": ["renpy/common/00matrixcolor.rpy", 226], "_console.PrettyRepr._repr_iterable": ["renpy/common/00console.rpy", 262], "FilePage.get_selected": ["renpy/common/00action_file.rpy", 589], "director.get_transforms": ["renpy/common/00director.rpy", 640], "_m1_00nvl_mode__s": ["renpy/common/00nvl_mode.rpy", 107], "Tooltip.action": ["renpy/common/00action_other.rpy", 345], "layeredimage.RawLayeredImage.__init__": ["renpy/common/00layeredimage.rpy", 775], "FileLoad.__init__": ["renpy/common/00action_file.rpy", 432], "RemoveFromSet.get_sensitive": ["renpy/common/00action_data.rpy", 441], "MusicRoom.add": ["renpy/common/00musicroom.rpy", 289], "_m1_00musicroom__MusicRoomPlay.__init__": ["renpy/common/00musicroom.rpy", 38], "_warper.easeout_elastic": ["renpy/common/000atl.rpy", 190], "_nvl_adv_callback": ["renpy/common/00nvl_mode.rpy", 533], "_console.R": ["renpy/common/00console.rpy", 812], "ToggleScreenVariable.__init__": ["renpy/common/00action_data.rpy", 345], "layeredimage.LayeredImage._list_attributes": ["renpy/common/00layeredimage.rpy", 719], "FileLoadable": ["renpy/common/00action_file.rpy", 218], "With.__call__": ["renpy/common/00action_other.rpy", 189], "updater.get_installed_packages": ["renpy/common/00updater.rpy", 1337], "director.get_voice_statement": ["renpy/common/00director.rpy", 409], "Preference": ["renpy/common/00preferences.rpy", 78], "_m1_00musicroom__MusicRoomTogglePlay.__call__": ["renpy/common/00musicroom.rpy", 103], "director.AddStatement.__init__": ["renpy/common/00director.rpy", 753], "QueueEvent.__init__": ["renpy/common/00action_other.rpy", 496], "layeredimage.parse_always": ["renpy/common/00layeredimage.rpy", 877], "_warper.ease_bounce": ["renpy/common/000atl.rpy", 220], "director.SemiModal.per_interact": ["renpy/common/00director.rpy", 1284], "Gallery.Action": ["renpy/common/00gallery.rpy", 324], "_m1_00musicroom__MusicRoomTogglePlay.get_selected": ["renpy/common/00musicroom.rpy", 113], "director.ToggleAttribute.get_selected": ["renpy/common/00director.rpy", 1079], "DictEquality.__eq__": ["renpy/common/00library.rpy", 41], "_intra_jumps_core": ["renpy/common/00layout.rpy", 48], "Rollback.__call__": ["renpy/common/00action_other.rpy", 230], "_m1_00musicroom__MusicRoomTogglePause.get_sensitive": ["renpy/common/00musicroom.rpy", 139], "Skip.__init__": ["renpy/common/00action_menu.rpy", 244], "VariableInputValue.__init__": ["renpy/common/00inputvalues.rpy", 138], "Hide.__call__": ["renpy/common/00action_control.rpy", 209], "Queue.__init__": ["renpy/common/00action_audio.rpy", 100], "SetMixer.__call__": ["renpy/common/00action_audio.rpy", 149], "_warper.linear": ["renpy/common/000atl.rpy", 38], "_m1_00musicroom__MusicRoomPlay.__call__": ["renpy/common/00musicroom.rpy", 43], "_m1_00musicroom__MusicRoomStop.__call__": ["renpy/common/00musicroom.rpy", 160], "_console.HistoryEntry.__init__": ["renpy/common/00console.rpy", 398], "_warper.easein_quint": ["renpy/common/000atl.rpy", 118], "PlayCharacterVoice.__init__": ["renpy/common/00voice.rpy", 221], "updater.Updater.check_updates": ["renpy/common/00updater.rpy", 723], "InputValue.Enable": ["renpy/common/00inputvalues.rpy", 99], "Tooltip.Action": ["renpy/common/00action_other.rpy", 345], "SetScreenVariable.__call__": ["renpy/common/00action_data.rpy", 138], "Play.__init__": ["renpy/common/00action_audio.rpy", 52], "VoiceInfo.__init__": ["renpy/common/00voice.rpy", 310], "_m1_00gallery__GalleryImage.check_unlock": ["renpy/common/00gallery.rpy", 68], "director.Start.get_sensitive": ["renpy/common/00director.rpy", 731], "YScrollValue.get_style": ["renpy/common/00barvalues.rpy", 511], "_console.clear": ["renpy/common/00console.rpy", 772], "director.is_scene_show_hide_editable": ["renpy/common/00director.rpy", 797], "_m1_00action_file__slotname": ["renpy/common/00action_file.rpy", 132], "gui.TogglePreference.get_selected": ["renpy/common/00gui.rpy", 231], "toggle_skipping": ["renpy/common/00keymap.rpy", 213], "iap.IOSBackend.set_title": ["renpy/common/00iap.rpy", 218], "_console.reload": ["renpy/common/00console.rpy", 808], "_m1_00preferences__DisplayAction.get_size": ["renpy/common/00preferences.rpy", 32], "layeredimage.parse_condition": ["renpy/common/00layeredimage.rpy", 956], "InvertSelected.__call__": ["renpy/common/00action_other.rpy", 41], "iap.AndroidBackend.get_store_name": ["renpy/common/00iap.rpy", 130], "FileNewest": ["renpy/common/00action_file.rpy", 308], "MusicRoom.TogglePlay": ["renpy/common/00musicroom.rpy", 474], "_m1_00gallery__GalleryToggleSlideshow.__call__": ["renpy/common/00gallery.rpy", 132], "SetMixer.__init__": ["renpy/common/00action_audio.rpy", 145], "NVLCharacter.push_nvl_list": ["renpy/common/00nvl_mode.rpy", 314], "director.SetChannel.__call__": ["renpy/common/00director.rpy", 1151], "FileSave.get_selected": ["renpy/common/00action_file.rpy", 396], "FieldInputValue.get_text": ["renpy/common/00inputvalues.rpy", 216], "Gallery.unlock_image": ["renpy/common/00gallery.rpy", 310], "build.documentation": ["renpy/common/00build.rpy", 231], "iap.Purchase.should_be_sensitive": ["renpy/common/00iap.rpy", 458], "_console.BoundedList.append": ["renpy/common/00console.rpy", 378], "achievement.Backend.grant": ["renpy/common/00achievement.rpy", 45], "nvl_menu": ["renpy/common/00nvl_mode.rpy", 447], "updater.Updater.load_state": ["renpy/common/00updater.rpy", 696], "_console.stdout_line": ["renpy/common/00console.rpy", 418], "SetVariable": ["renpy/common/00action_data.rpy", 81], "FilePageNameInputValue.get_page": ["renpy/common/00action_file.rpy", 648], "ToggleScreen.predict": ["renpy/common/00action_control.rpy", 156], "_m1_00action_other__TooltipAction.__call__": ["renpy/common/00action_other.rpy", 315], "updater.Updater.unlink": ["renpy/common/00updater.rpy", 640], "_toggle_skipping": ["renpy/common/00keymap.rpy", 213], "Skip.get_selected": ["renpy/common/00action_menu.rpy", 280], "director.update_ast": ["renpy/common/00director.rpy", 441], "_console.quit": ["renpy/common/00console.rpy", 780], "iap.register": ["renpy/common/00iap.rpy", 304], "PauseAudio.__init__": ["renpy/common/00action_audio.rpy", 242], "director.get_image_attributes": ["renpy/common/00director.rpy", 647], "FilePageNext.__call__": ["renpy/common/00action_file.rpy", 814], "SideImage": ["renpy/common/00sideimage.rpy", 81], "_BaseMatrix.__init__": ["renpy/common/00matrixcolor.rpy", 36], "TintMatrix.__call__": ["renpy/common/00matrixcolor.rpy", 161], "director.quote_audio": ["renpy/common/00director.rpy", 378], "_console.PrettyRepr._make_pretty_items": ["renpy/common/00console.rpy", 248], "_m1_developer__missing_hide_callback": ["renpy/common/_developer/developer.rpym", 318], "TransformMatrix.__init__": ["renpy/common/00matrixtransform.rpy", 37], "director.SetTransition.__call__": ["renpy/common/00director.rpy", 1134], "_m1_00stylepreferences__set_style_preference": ["renpy/common/00stylepreferences.rpy", 126], "EndReplay.__init__": ["renpy/common/00action_other.rpy", 450], "Confirm.__init__": ["renpy/common/00action_other.rpy", 566], "achievement.PersistentBackend.clear_all": ["renpy/common/00achievement.rpy", 99], "AudioPositionValue.get_adjustment": ["renpy/common/00barvalues.rpy", 539], "gui.SetPreference.__call__": ["renpy/common/00gui.rpy", 184], "MainMenu.__call__": ["renpy/common/00action_menu.rpy", 175], "FileSaveName": ["renpy/common/00action_file.rpy", 298], "_progress_screen": ["renpy/common/00keymap.rpy", 374], "iap.get_product": ["renpy/common/00iap.rpy", 392], "director.Cancel.__call__": ["renpy/common/00director.rpy", 1236], "_console.DebugConsole.format_exception": ["renpy/common/00console.rpy", 623], "_set_script_version": ["renpy/common/00compat.rpy", 26], "Placeholder.get_child": ["renpy/common/00placeholder.rpy", 123], "_m1_00screen__TooltipAction.unhovered": ["renpy/common/00action_other.rpy", 320], "director.Reset.__call__": ["renpy/common/00director.rpy", 1216], "FieldEquality.__eq__": ["renpy/common/00library.rpy", 71], "ToggleScreenVariable.__call__": ["renpy/common/00action_data.rpy", 350], "achievement.Sync.__call__": ["renpy/common/00achievement.rpy", 417], "InvertSelected.get_selected": ["renpy/common/00action_other.rpy", 44], "layeredimage.RawAlways.execute": ["renpy/common/00layeredimage.rpy", 508], "iap.init_android": ["renpy/common/00iap.rpy", 553], "_strftime": ["renpy/common/00action_file.rpy", 78], "updater.Updater.cancel": ["renpy/common/00updater.rpy", 626], "FieldValue.get_adjustment": ["renpy/common/00barvalues.rpy", 281], "_warper.ease_quint": ["renpy/common/000atl.rpy", 122], "_m1__errorhandling__format_parse_errors": ["renpy/common/_errorhandling.rpym", 394], "Show.predict": ["renpy/common/00action_control.rpy", 122], "director.SetTransition.get_selected": ["renpy/common/00director.rpy", 1139], "InputValue.Toggle": ["renpy/common/00inputvalues.rpy", 111], "gui.button_text_properties": ["renpy/common/00gui.rpy", 324], "_m1_00stylepreferences__init": ["renpy/common/00stylepreferences.rpy", 76], "_console.enter": ["renpy/common/00console.rpy", 711], "FileSave.__init__": ["renpy/common/00action_file.rpy", 352], "InvertSelected.periodic": ["renpy/common/00action_other.rpy", 50], "FilePageNameInputValue.__init__": ["renpy/common/00action_file.rpy", 638], "Stop.__init__": ["renpy/common/00action_audio.rpy", 122], "_m1_00themes__AWTButton": ["renpy/common/00themes.rpy", 764], "iap.IOSBackend.get_store_name": ["renpy/common/00iap.rpy", 208], "voice_can_replay": ["renpy/common/00voice.rpy", 130], "_console.DebugConsole.interact": ["renpy/common/00console.rpy", 534], "Language.get_sensitive": ["renpy/common/00action_other.rpy", 386], "ToggleDict.get_selected": ["renpy/common/00action_data.rpy", 295], "_SplineInterpolator.__call__": ["renpy/common/00splines.rpy", 85], "voice_sustain": ["renpy/common/00voice.rpy", 106], "Function.__call__": ["renpy/common/00action_other.rpy", 536], "StylePreference.__call__": ["renpy/common/00stylepreferences.rpy", 183], "_m1_00musicroom__MusicRoomStop.get_selected": ["renpy/common/00musicroom.rpy", 163], "_InputValueAction.get_selected": ["renpy/common/00inputvalues.rpy", 55], "layeredimage.parse_layeredimage": ["renpy/common/00layeredimage.rpy", 1024], "_m1_inspector__format_location": ["renpy/common/_developer/inspector.rpym", 165], "DictInputValue.set_text": ["renpy/common/00inputvalues.rpy", 251], "SelectedIf.__call__": ["renpy/common/00action_other.rpy", 97], "MouseMove.__init__": ["renpy/common/00action_other.rpy", 478], "build.pattern_list": ["renpy/common/00build.rpy", 49], "_m1_00themes__AWTBox": ["renpy/common/00themes.rpy", 751], "PauseAudio.get_selected": ["renpy/common/00action_audio.rpy", 254], "Gallery.__init__": ["renpy/common/00gallery.rpy", 206], "_profile_once": ["renpy/common/00keymap.rpy", 358], "layeredimage.LayeredImageProxy._list_attributes": ["renpy/common/00layeredimage.rpy", 1158], "iap.Purchase.__init__": ["renpy/common/00iap.rpy", 445], "MusicRoom.play": ["renpy/common/00musicroom.rpy", 357], "iap.NoneBackend.get_price": ["renpy/common/00iap.rpy", 99], "_m1_00musicroom__MusicRoomRandomPlay.__call__": ["renpy/common/00musicroom.rpy", 80], "MixerValue.set_mixer": ["renpy/common/00barvalues.rpy", 452], "_m1_developer__missing_scene_callback": ["renpy/common/_developer/developer.rpym", 324], "AnimatedValue.replaces": ["renpy/common/00barvalues.rpy", 103], "VariableValue": ["renpy/common/00barvalues.rpy", 304], "VoiceReplay.get_sensitive": ["renpy/common/00voice.rpy", 301], "InvertSelected.__init__": ["renpy/common/00action_other.rpy", 33], "_console.jump": ["renpy/common/00console.rpy", 903], "build.executable": ["renpy/common/00build.rpy", 251], "ToggleVoiceMute.__init__": ["renpy/common/00voice.rpy", 269], "_m1_developer__ImageLocationPicker.rectangle": ["renpy/common/_developer/developer.rpym", 398], "Show.__call__": ["renpy/common/00action_control.rpy", 125], "updater.Updater.simulation": ["renpy/common/00updater.rpy", 501], "ScreenVariableInputValue.get_text": ["renpy/common/00inputvalues.rpy", 179], "IdentityMatrix.get": ["renpy/common/00matrixcolor.rpy", 100], "iap.IOSBackend.consume": ["renpy/common/00iap.rpy", 273], "_m1_00gallery__GalleryButton.check_unlock": ["renpy/common/00gallery.rpy", 112], "_m1_00screen__TooltipAction.__init__": ["renpy/common/00action_other.rpy", 311], "achievement.PersistentBackend.progress": ["renpy/common/00achievement.rpy", 106], "StaticValue.get_adjustment": ["renpy/common/00barvalues.rpy", 42], "MusicRoom.__init__": ["renpy/common/00musicroom.rpy", 189], "OpenURL.__call__": ["renpy/common/00action_other.rpy", 172], "updater.process_deferred": ["renpy/common/00updater.rpy", 99], "iap.Purchase.periodic": ["renpy/common/00iap.rpy", 475], "_m1_00gallery__GalleryAction.__call__": ["renpy/common/00gallery.rpy", 149], "director.get_scene_show_hide_statement": ["renpy/common/00director.rpy", 339], "nvl_erase": ["renpy/common/00nvl_mode.rpy", 268], "_console.HistoryEntry.update_lines": ["renpy/common/00console.rpy", 403], "ToggleMute.get_selected": ["renpy/common/00action_audio.rpy", 222], "updater.Updater.rename": ["renpy/common/00updater.rpy", 657], "Quit.__call__": ["renpy/common/00action_menu.rpy", 209], "iap.NoneBackend.init": ["renpy/common/00iap.rpy", 107], "iap.restore": ["renpy/common/00iap.rpy", 363], "FilePagePrevious.predict": ["renpy/common/00action_file.rpy", 894], "_warper.easeout_expo": ["renpy/common/000atl.rpy", 131], "_m1_00stylepreferences__update": ["renpy/common/00stylepreferences.rpy", 88], "_EditFile.__init__": ["renpy/common/_errorhandling.rpym", 440], "layeredimage.LayeredImage.__init__": ["renpy/common/00layeredimage.rpy", 577], "_console.command": ["renpy/common/00console.rpy", 739], "updater.process_deferred_line": ["renpy/common/00updater.rpy", 80], "_keymap_toggle_skipping": ["renpy/common/00keymap.rpy", 233], "_scan_images_directory": ["renpy/common/00images.rpy", 26], "iap.AndroidBackend.restore_purchases": ["renpy/common/00iap.rpy", 163], "achievement.PersistentBackend.register": ["renpy/common/00achievement.rpy", 87], "nvl_hide": ["renpy/common/00nvl_mode.rpy", 253], "updater.zsync_path": ["renpy/common/00updater.rpy", 134], "_m1_developer__missing_show_callback": ["renpy/common/_developer/developer.rpym", 307], "layeredimage.Always.__init__": ["renpy/common/00layeredimage.rpy", 480], "_window_show": ["renpy/common/000window.rpy", 41], "_CopyFile.__init__": ["renpy/common/_errorhandling.rpym", 451], "_console.PrettyRepr.repr_RevertableSet": ["renpy/common/00console.rpy", 178], "Rollback.__init__": ["renpy/common/00action_other.rpy", 225], "_m1_00action_data__set_field": ["renpy/common/00action_data.rpy", 43], "layeredimage.Layer.wrap": ["renpy/common/00layeredimage.rpy", 141], "_m1_developer__ImageLocationPicker.__init__": ["renpy/common/_developer/developer.rpym", 385], "FilePage.__call__": ["renpy/common/00action_file.rpy", 582], "_console.BoundedList.__init__": ["renpy/common/00console.rpy", 374], "_default_empty_window": ["renpy/common/00library.rpy", 120], "_console.DebugConsole.reset": ["renpy/common/00console.rpy", 504], "updater.Updater.check_versions": ["renpy/common/00updater.rpy", 759], "build.archive": ["renpy/common/00build.rpy", 214], "director.SetTag.get_selected": ["renpy/common/00director.rpy", 1047], "director.SetChannel.__init__": ["renpy/common/00director.rpy", 1148], "_EditFile.__call__": ["renpy/common/_errorhandling.rpym", 444], "layeredimage.ConditionGroup.__init__": ["renpy/common/00layeredimage.rpy", 412], "layeredimage.LayeredImage.get_banned": ["renpy/common/00layeredimage.rpy", 636], "_m1_00preferences__show_self_voicing": ["renpy/common/00preferences.rpy", 570], "gui.SetPreference.get_selected": ["renpy/common/00gui.rpy", 192], "iap.missing_products": ["renpy/common/00iap.rpy", 542], "layeredimage.Attribute.__init__": ["renpy/common/00layeredimage.rpy", 217], "NVLCharacter.do_extend": ["renpy/common/00nvl_mode.rpy", 408], "nvl_clear_next": ["renpy/common/00nvl_mode.rpy", 273], "iap.AndroidBackend.identifier": ["renpy/common/00iap.rpy", 133], "_m1_00preferences__DisplayAction.get_sensitive": ["renpy/common/00preferences.rpy", 50], "director.is_queue": ["renpy/common/00director.rpy", 112], "_SetRenderer.get_selected": ["renpy/common/00gltest.rpy", 41], "_m1__errorhandling__Tooltip.__init__": ["renpy/common/_errorhandling.rpym", 487], "_console.renpy_unwatch": ["renpy/common/00console.rpy", 869], "achievement.clear_all": ["renpy/common/00achievement.rpy", 334], "_enter_menu": ["renpy/common/00gamemenu.rpy", 83], "achievement.Sync.get_sensitive": ["renpy/common/00achievement.rpy", 420], "MainMenu.__init__": ["renpy/common/00action_menu.rpy", 171], "Gallery.condition": ["renpy/common/00gallery.rpy", 285], "AudioPositionValue.get_pos_duration": ["renpy/common/00barvalues.rpy", 533], "_m1_00nvl_mode__nvl_screen_dialogue": ["renpy/common/00nvl_mode.rpy", 119], "iap.NoneBackend.purchase": ["renpy/common/00iap.rpy", 60], "_console.PrettyRepr.repr_OrderedDict": ["renpy/common/00console.rpy", 220], "updater.Updater.prepare": ["renpy/common/00updater.rpy", 809], "RollbackToIdentifier.__init__": ["renpy/common/00action_other.rpy", 244], "_TouchKeyboardReturn.__call__": ["renpy/common/00touchkeyboard.rpy", 67], "build.remove": ["renpy/common/00build.rpy", 203], "director.remove_spacing": ["renpy/common/00director.rpy", 604], "FieldValue.changed": ["renpy/common/00barvalues.rpy", 266], "_imagemap_auto_function": ["renpy/common/00defaults.rpy", 138], "ToggleVariable": ["renpy/common/00action_data.rpy", 234], "_m1_00screen__DisplayAction.__init__": ["renpy/common/00preferences.rpy", 29], "FileLoad.get_selected": ["renpy/common/00action_file.rpy", 470], "director.AddStatement.get_sensitive": ["renpy/common/00director.rpy", 758], "_m1_00musicroom__MusicRoomTogglePause.get_selected": ["renpy/common/00musicroom.rpy", 136], "_error_hyperlink_styler": ["renpy/common/_errorhandling.rpym", 263], "BrightnessMatrix.get": ["renpy/common/00matrixcolor.rpy", 207], "director.SetKind.__init__": ["renpy/common/00director.rpy", 1000], "_console.PrettyRepr.repr_Matrix": ["renpy/common/00console.rpy", 326], "director.ToggleList.get_selected": ["renpy/common/00director.rpy", 1122], "_warper.easein_circ": ["renpy/common/000atl.rpy", 153], "updater.Updater.move_files": ["renpy/common/00updater.rpy", 1207], "ToggleField.__call__": ["renpy/common/00action_data.rpy", 208], "achievement.clear": ["renpy/common/00achievement.rpy", 324], "gui.preference": ["renpy/common/00gui.rpy", 138], "gui.variant": ["renpy/common/00gui.rpy", 82], "_console.PrettyRepr.repr_unicode": ["renpy/common/00console.rpy", 142], "updater.Updater.save_state": ["renpy/common/00updater.rpy", 1274], "director.Remove.__call__": ["renpy/common/00director.rpy", 1257], "Placeholder.visit": ["renpy/common/00placeholder.rpy", 201], "_console.PrettyRepr.repr__PrettyDictItem": ["renpy/common/00console.rpy", 239], "iap.AndroidBackend.consume": ["renpy/common/00iap.rpy", 174], "iap.IOSBackend.restore_purchases": ["renpy/common/00iap.rpy", 262], "ShowMenu.get_selected": ["renpy/common/00action_menu.rpy", 112], "_warper.easein": ["renpy/common/000atl.rpy", 47], "iap.AndroidBackend.is_deferred": ["renpy/common/00iap.rpy", 177], "_m1_00stylepreferences__get_style_preference": ["renpy/common/00stylepreferences.rpy", 147], "_gamepad.EventWatcher.render": ["renpy/common/00gamepad.rpy", 88], "NVLSpeaker.do_display": ["renpy/common/00nvl_mode.rpy", 352], "iap.IOSBackend.init": ["renpy/common/00iap.rpy", 294], "_warper.easeout_cubic": ["renpy/common/000atl.rpy", 80], "MusicRoom.unlocked_playlist": ["renpy/common/00musicroom.rpy", 332], "director.ChangeStatement.__call__": ["renpy/common/00director.rpy", 947], "FileDelete.get_sensitive": ["renpy/common/00action_file.rpy", 519], "director.interact_base": ["renpy/common/00director.rpy", 208], "FilePage.__init__": ["renpy/common/00action_file.rpy", 572], "extend": ["renpy/common/00library.rpy", 146], "SetVoiceMute.__init__": ["renpy/common/00voice.rpy", 149], "_warper.ease_circ": ["renpy/common/000atl.rpy", 157], "updater.Updater.__init__": ["renpy/common/00updater.rpy", 231], "director.SetAudio.__call__": ["renpy/common/00director.rpy", 1171], "nvl_clear": ["renpy/common/00nvl_mode.rpy", 434], "_m1__errorhandling__XScrollValue.__init__": ["renpy/common/_errorhandling.rpym", 495], "Language.get_selected": ["renpy/common/00action_other.rpy", 383], "_BaseMatrix.__mul__": ["renpy/common/00matrixcolor.rpy", 47], "director.ToggleAttribute.__call__": ["renpy/common/00director.rpy", 1063], "_console.PrettyRepr.repr_list": ["renpy/common/00console.rpy", 168], "Jump.__call__": ["renpy/common/00action_control.rpy", 78], "layeredimage.LayeredImage._duplicate": ["renpy/common/00layeredimage.rpy", 651], "MusicRoom.ToggleShuffle": ["renpy/common/00musicroom.rpy", 579], "director.Start.__call__": ["renpy/common/00director.rpy", 697], "_warper.easein_back": ["renpy/common/000atl.rpy", 171], "_warper.easein_quart": ["renpy/common/000atl.rpy", 101], "MainMenu.get_sensitive": ["renpy/common/00action_menu.rpy", 188], "FileTime": ["renpy/common/00action_file.rpy", 250], "MouseDisplayable.__init__": ["renpy/common/00mousedisplayable.rpy", 45], "AddToSet.get_sensitive": ["renpy/common/00action_data.rpy", 410], "ShowMenu.__init__": ["renpy/common/00action_menu.rpy", 67], "Start.__call__": ["renpy/common/00action_menu.rpy", 147], "InputValue.get_text": ["renpy/common/00inputvalues.rpy", 87], "achievement.SteamBackend.__init__": ["renpy/common/00achievement.rpy", 167], "_ease_out_time_warp": ["renpy/common/00definitions.rpy", 109], "director.SetChannel.get_selected": ["renpy/common/00director.rpy", 1159], "_m1__errorhandling__TooltipAction.__init__": ["renpy/common/_errorhandling.rpym", 472], "MouseDisplayable.visit": ["renpy/common/00mousedisplayable.rpy", 92], "FileJson": ["renpy/common/00action_file.rpy", 271], "director.get_play_queue_statement": ["renpy/common/00director.rpy", 394], "SensitiveIf.get_sensitive": ["renpy/common/00action_other.rpy", 135], "director.add_spacing": ["renpy/common/00director.rpy", 600], "iap.init": ["renpy/common/00iap.rpy", 569], "_invoke_game_menu": ["renpy/common/00gamemenu.rpy", 119], "StylePreference.__init__": ["renpy/common/00stylepreferences.rpy", 176], "achievement.SteamBackend.progress": ["renpy/common/00achievement.rpy", 200], "iap.IOSBackend.has_purchased": ["renpy/common/00iap.rpy", 269], "FilePageNameInputValue.enter": ["renpy/common/00action_file.rpy", 705], "ToggleVoiceMute.get_selected": ["renpy/common/00voice.rpy", 274], "Tooltip.__init__": ["renpy/common/00action_other.rpy", 341], "DictEquality.__ne__": ["renpy/common/00library.rpy", 58], "_m1_00gallery__GalleryAction.__init__": ["renpy/common/00gallery.rpy", 145], "_m1_inspector__safe_repr": ["renpy/common/_developer/inspector.rpym", 177], "_m1_developer__ImageLocationPicker.event": ["renpy/common/_developer/developer.rpym", 462], "FilePageNameInputValue.get_text": ["renpy/common/00action_file.rpy", 665], "FieldValue.__init__": ["renpy/common/00barvalues.rpy", 248], "ToggleDict.__init__": ["renpy/common/00action_data.rpy", 272], "_predict_file_page": ["renpy/common/00action_file.rpy", 547], "iap.IOSBackend.purchase": ["renpy/common/00iap.rpy", 254], "MusicRoom.stop": ["renpy/common/00musicroom.rpy", 418], "iap.NoneBackend.get_store_name": ["renpy/common/00iap.rpy", 52], "_console.DebugConsole.recall_line": ["renpy/common/00console.rpy", 511], "NVLSpeaker.__init__": ["renpy/common/00nvl_mode.rpy", 295], "gui.TogglePreference.__init__": ["renpy/common/00gui.rpy", 215], "_console.stderr_line": ["renpy/common/00console.rpy", 427], "iap.NoneBackend.restore_purchases": ["renpy/common/00iap.rpy", 68], "updater.Updater.download_direct": ["renpy/common/00updater.rpy", 1040], "updater.Updater.run": ["renpy/common/00updater.rpy", 337], "updater.Updater.delete_obsolete": ["renpy/common/00updater.rpy", 1229], "_m1__errorhandling__format_traceback": ["renpy/common/_errorhandling.rpym", 378], "_m1_00stylepreferences__check": ["renpy/common/00stylepreferences.rpy", 113], "_m1_00stylepreferences__register_style_preference": ["renpy/common/00stylepreferences.rpy", 44], "gui.rebuild": ["renpy/common/00gui.rpy", 109], "director.ToggleList.__init__": ["renpy/common/00director.rpy", 1110], "_get_voice_info": ["renpy/common/00voice.rpy", 353], "iap.IOSBackend.wait_for_result": ["renpy/common/00iap.rpy", 228], "gui.init": ["renpy/common/00gui.rpy", 30], "InvertSelected.predict": ["renpy/common/00action_other.rpy", 53], "PlayCharacterVoice.periodic": ["renpy/common/00voice.rpy", 245], "_m1_00preferences__DisplayAction.get_selected": ["renpy/common/00preferences.rpy", 56], "voice_replay": ["renpy/common/00voice.rpy", 119], "Gallery.make_button": ["renpy/common/00gallery.rpy", 342], "iap.NoneBackend.is_deferred": ["renpy/common/00iap.rpy", 92], "director.get_behind_tags": ["renpy/common/00director.rpy", 672], "ContrastMatrix.get": ["renpy/common/00matrixcolor.rpy", 248], "layeredimage.parse_attribute": ["renpy/common/00layeredimage.rpy", 828], "director.command": ["renpy/common/00director.rpy", 325], "EndReplay.__call__": ["renpy/common/00action_other.rpy", 453], "VariableInputValue.set_text": ["renpy/common/00inputvalues.rpy", 147], "iap.NoneBackend.has_purchased": ["renpy/common/00iap.rpy", 77], "director.SetList.__call__": ["renpy/common/00director.rpy", 1092], "RoundRect": ["renpy/common/00themes.rpy", 35], "Notify.predict": ["renpy/common/00action_other.rpy", 204], "_m1_00action_file__unused_slot_name": ["renpy/common/00action_file.rpy", 163], "achievement.SteamBackend.clear": ["renpy/common/00achievement.rpy", 188], "achievement.merge": ["renpy/common/00achievement.rpy", 123], "say": ["renpy/common/00library.rpy", 266], "director.SemiModal.__init__": ["renpy/common/00director.rpy", 1277], "_console.ScriptErrorHandler.__call__": ["renpy/common/00console.rpy", 449], "InvertSelected.get_sensitive": ["renpy/common/00action_other.rpy", 47], "director.is_stop": ["renpy/common/00director.rpy", 115], "director.is_spacing": ["renpy/common/00director.rpy", 549], "FileAction": ["renpy/common/00action_file.rpy", 523], "Stop.__call__": ["renpy/common/00action_audio.rpy", 126], "layeredimage.RawConditionGroup.execute": ["renpy/common/00layeredimage.rpy", 439], "voice": ["renpy/common/00voice.rpy", 73], "achievement.sync": ["renpy/common/00achievement.rpy", 396], "SetLocalVariable": ["renpy/common/00action_data.rpy", 161], "Call.__init__": ["renpy/common/00action_control.rpy", 93], "FileTakeScreenshot.__call__": ["renpy/common/00action_file.rpy", 907], "achievement.Backend.clear_all": ["renpy/common/00achievement.rpy", 56], "HueMatrix.get": ["renpy/common/00matrixcolor.rpy", 319], "GetTooltip": ["renpy/common/00action_other.rpy", 291], "TransformMatrix.__call__": ["renpy/common/00matrixtransform.rpy", 44], "_m1_00screen__DisplayAction.__call__": ["renpy/common/00preferences.rpy", 46], "FieldEquality.__ne__": ["renpy/common/00library.rpy", 98], "InputValue.Disable": ["renpy/common/00inputvalues.rpy", 105], "_m1_00gallery__GalleryUnlockCondition.__init__": ["renpy/common/00gallery.rpy", 39], "_m1_00nvl_mode__nvl_show_screen": ["renpy/common/00nvl_mode.rpy", 190], "achievement.register": ["renpy/common/00achievement.rpy", 283], "achievement.PersistentBackend.__init__": ["renpy/common/00achievement.rpy", 78], "Gallery.unlock": ["renpy/common/00gallery.rpy", 274], "_skip_indicator": ["renpy/common/00library.rpy", 178], "iap.AndroidBackend.purchase": ["renpy/common/00iap.rpy", 158], "_fast_skip": ["renpy/common/00keymap.rpy", 322], "_m1_00musicroom__MusicRoomPlay.get_selected": ["renpy/common/00musicroom.rpy", 57], "director.SemiModal.render": ["renpy/common/00director.rpy", 1287], "iap.Restore.__call__": ["renpy/common/00iap.rpy", 386], "NVLSpeaker.push_nvl_list": ["renpy/common/00nvl_mode.rpy", 314], "GamepadExists": ["renpy/common/00gamepad.rpy", 249], "VoiceReplay.__call__": ["renpy/common/00voice.rpy", 298], "achievement.has": ["renpy/common/00achievement.rpy", 382], "FilePageNext.__init__": ["renpy/common/00action_file.rpy", 781], "_m1_00preferences__DisplayAction.__call__": ["renpy/common/00preferences.rpy", 46], "DictValue.__init__": ["renpy/common/00barvalues.rpy", 153], "_m1_00musicroom__MusicRoomStop.__init__": ["renpy/common/00musicroom.rpy", 156], "SetScreenVariable.__init__": ["renpy/common/00action_data.rpy", 134], "director.ChangeStatement.get_sensitive": ["renpy/common/00director.rpy", 944], "_console.unwatch": ["renpy/common/00console.rpy", 851], "director.interact": ["renpy/common/00director.rpy", 287], "director.adjust_spacing_before": ["renpy/common/00director.rpy", 559], "MusicRoom.SetShuffle": ["renpy/common/00musicroom.rpy", 548], "VariableInputValue.get_text": ["renpy/common/00inputvalues.rpy", 144], "ScreenVariableValue.get_adjustment": ["renpy/common/00barvalues.rpy", 406], "AddToSet.__call__": ["renpy/common/00action_data.rpy", 413], "ToggleSetMembership.__call__": ["renpy/common/00action_data.rpy", 478], "_ease_time_warp": ["renpy/common/00definitions.rpy", 117], "director.is_voice": ["renpy/common/00director.rpy", 118], "MusicRoom.TogglePause": ["renpy/common/00musicroom.rpy", 485], "Help.__init__": ["renpy/common/00action_menu.rpy", 327], "FileScreenshot": ["renpy/common/00action_file.rpy", 228], "build.dump": ["renpy/common/00build.rpy", 425], "_BaseMatrix.__eq__": ["renpy/common/00matrixcolor.rpy", 50], "_InputValueAction.__init__": ["renpy/common/00inputvalues.rpy", 29], "SaturationMatrix.get": ["renpy/common/00matrixcolor.rpy", 133], "_warper.ease_expo": ["renpy/common/000atl.rpy", 139], "Skip.get_sensitive": ["renpy/common/00action_menu.rpy", 286], "Language.__call__": ["renpy/common/00action_other.rpy", 380], "_m1__errorhandling__EnterConsole.__call__": ["renpy/common/_errorhandling.rpym", 535], "ToggleScreen.__init__": ["renpy/common/00action_control.rpy", 150], "RollbackToIdentifier.get_sensitive": ["renpy/common/00action_other.rpy", 253], "_launch_editor": ["renpy/common/00keymap.rpy", 343], "layeredimage.LayeredImageProxy._duplicate": ["renpy/common/00layeredimage.rpy", 1132], "_m1_00gallery__GalleryImage.__init__": ["renpy/common/00gallery.rpy", 52], "director.SemiModal.visit": ["renpy/common/00director.rpy", 1330], "iap.IOSBackend.get_price": ["renpy/common/00iap.rpy", 281], "_m1__errorhandling__XScrollValue.get_style": ["renpy/common/_errorhandling.rpym", 505], "_screenshot_callback": ["renpy/common/00keymap.rpy", 317], "achievement.Backend.register": ["renpy/common/00achievement.rpy", 40], "Gallery.display": ["renpy/common/00gallery.rpy", 246], "ToggleField.get_selected": ["renpy/common/00action_data.rpy", 225], "hyperlink_function": ["renpy/common/00defaults.rpy", 189], "MixerValue.get_style": ["renpy/common/00barvalues.rpy", 462], "nvl_show_core": ["renpy/common/00nvl_mode.rpy", 203], "Quit.__init__": ["renpy/common/00action_menu.rpy", 206], "If": ["renpy/common/00action_other.rpy", 56], "SelectedIf.get_selected": ["renpy/common/00action_other.rpy", 102], "_TouchKeyboardTextInput.__call__": ["renpy/common/00touchkeyboard.rpy", 35], "_m1_00musicroom__MusicRoomStop.periodic": ["renpy/common/00musicroom.rpy", 166], "DisableAllInputValues.__call__": ["renpy/common/00inputvalues.rpy", 76], "ScreenVariableValue.__init__": ["renpy/common/00barvalues.rpy", 372], "iap.get_price": ["renpy/common/00iap.rpy", 515], "touch": ["game/gui.rpy", 390], "updater.get_installed_state": ["renpy/common/00updater.rpy", 1307], "EndReplay.get_sensitive": ["renpy/common/00action_other.rpy", 463], "_scan_audio_directory": ["renpy/common/00audio.rpy", 25], "_gamepad.calibrate": ["renpy/common/00gamepad.rpy", 115], "OpenURL.__init__": ["renpy/common/00action_other.rpy", 169], "director.dump_script": ["renpy/common/00director.rpy", 467], "MixerValue.get_adjustment": ["renpy/common/00barvalues.rpy", 456], "Gallery.Return": ["renpy/common/00gallery.rpy", 524], "achievement.PersistentBackend.grant": ["renpy/common/00achievement.rpy", 91], "layeredimage.Condition.get_displayable": ["renpy/common/00layeredimage.rpy", 383], "_window_hide": ["renpy/common/000window.rpy", 73], "Show.__init__": ["renpy/common/00action_control.rpy", 116], "_m1_inspector__format_style": ["renpy/common/_developer/inspector.rpym", 162], "YScrollValue.__init__": ["renpy/common/00barvalues.rpy", 500], "Show.get_selected": ["renpy/common/00action_control.rpy", 133], "_SetRenderer.__call__": ["renpy/common/00gltest.rpy", 37], "director.SetTag.__call__": ["renpy/common/00director.rpy", 1035], "director.ChangeStatement.__init__": ["renpy/common/00director.rpy", 832], "iap.Product.__init__": ["renpy/common/00iap.rpy", 34], "_m1_00musicroom__MusicRoomTogglePlay.__init__": ["renpy/common/00musicroom.rpy", 100], "Replay.__init__": ["renpy/common/00action_other.rpy", 415], "Scroll.__call__": ["renpy/common/00action_other.rpy", 616], "ToggleMute.__init__": ["renpy/common/00action_audio.rpy", 208], "Call.__call__": ["renpy/common/00action_control.rpy", 98], "SetVoiceMute.get_selected": ["renpy/common/00voice.rpy", 153], "SplineMotion": ["renpy/common/00splines.rpy", 132], "_joystick_select_binding": ["renpy/common/_layout/classic_joystick_preferences.rpym", 65], "SetMute.__call__": ["renpy/common/00action_audio.rpy", 181], "Placeholder.guess_base": ["renpy/common/00placeholder.rpy", 81], "_developer": ["renpy/common/00keymap.rpy", 350], "Hide.__init__": ["renpy/common/00action_control.rpy", 204], "AddToSet.__init__": ["renpy/common/00action_data.rpy", 406], "_console.PrettyRepr.repr_dict": ["renpy/common/00console.rpy", 196], "updater.urlretrieve": ["renpy/common/00updater.rpy", 47], "layeredimage.Always.apply_format": ["renpy/common/00layeredimage.rpy", 486], "achievement.merge_progress": ["renpy/common/00achievement.rpy", 132], "updater.can_update": ["renpy/common/00updater.rpy", 1357], "SetDict.__call__": ["renpy/common/00action_data.rpy", 111], "_SplineInterpolator.__init__": ["renpy/common/00splines.rpy", 15], "_console.DebugConsole.can_renpy": ["renpy/common/00console.rpy", 616], "QuickSave": ["renpy/common/00action_file.rpy", 911], "_console.help": ["renpy/common/00console.rpy", 747], "AudioPositionValue.__init__": ["renpy/common/00barvalues.rpy", 527], "MouseDisplayable.render": ["renpy/common/00mousedisplayable.rpy", 59], "RemoveFromSet.__init__": ["renpy/common/00action_data.rpy", 437], "_joystick_get_binding": ["renpy/common/_layout/classic_joystick_preferences.rpym", 74], "FileLoad.__call__": ["renpy/common/00action_file.rpy", 448], "_m1_00screen__DisplayAction.get_size": ["renpy/common/00preferences.rpy", 32], "_m1_00preferences__DisplayAction.__init__": ["renpy/common/00preferences.rpy", 29], "icon.Icon.render": ["renpy/common/00icon.rpy", 57], "achievement.SteamBackend.clear_all": ["renpy/common/00achievement.rpy", 194], "SepiaMatrix": ["renpy/common/00matrixcolor.rpy", 358], "_audio_eval": ["renpy/common/000statements.rpy", 31], "_m1_inspector__inspect": ["renpy/common/_developer/inspector.rpym", 187], "ToggleLocalVariable": ["renpy/common/00action_data.rpy", 307], "layeredimage.execute_layeredimage": ["renpy/common/00layeredimage.rpy", 793], "ScreenVariableValue.changed": ["renpy/common/00barvalues.rpy", 389], "_console.halp": ["renpy/common/00console.rpy", 768], "ColorizeMatrix.__init__": ["renpy/common/00matrixcolor.rpy", 277], "updater.Updater.clean": ["renpy/common/00updater.rpy", 1284], "_button_menu": ["renpy/common/00layout.rpy", 279], "NVLCharacter.do_display": ["renpy/common/00nvl_mode.rpy", 352], "layeredimage.ConditionGroup.get_displayable": ["renpy/common/00layeredimage.rpy", 419], "updater.urlopen": ["renpy/common/00updater.rpy", 43], "_m1__errorhandling__ErrorQuit.__call__": ["renpy/common/_errorhandling.rpym", 527], "layeredimage.Condition.__init__": ["renpy/common/00layeredimage.rpy", 368], "director.AddStatement.__call__": ["renpy/common/00director.rpy", 761], "FileSlotName": ["renpy/common/00action_file.rpy", 710], "_m1__errorhandling__limit_lines": ["renpy/common/_errorhandling.rpym", 366], "MusicRoom.ToggleLoop": ["renpy/common/00musicroom.rpy", 560], "_m1_00gallery__GalleryArbitraryCondition.check": ["renpy/common/00gallery.rpy", 34], "iap.AndroidBackend.init": ["renpy/common/00iap.rpy", 184], "Gallery.get_fraction": ["renpy/common/00gallery.rpy", 400], "director.find_statement": ["renpy/common/00director.rpy", 494], "layeredimage.Always.get_displayable": ["renpy/common/00layeredimage.rpy", 495], "_console.PrettyRepr.repr_str": ["renpy/common/00console.rpy", 135], "MusicRoom.RandomPlay": ["renpy/common/00musicroom.rpy", 464], "_default_with_callback": ["renpy/common/00obsolete.rpy", 128], "Notify.__call__": ["renpy/common/00action_other.rpy", 207], "_console.DebugConsole.run": ["renpy/common/00console.rpy", 627], "MusicRoom.next": ["renpy/common/00musicroom.rpy", 425], "ToggleMute.__call__": ["renpy/common/00action_audio.rpy", 214], "_": ["renpy/common/00obsolete.rpy", 47], "icon.Icon.find_image": ["renpy/common/00icon.rpy", 36], "_m1_00screen__DisplayAction.get_sensitive": ["renpy/common/00preferences.rpy", 50], "_console.ConsoleHistoryEntry.__init__": ["renpy/common/00console.rpy", 398], "SetField.__call__": ["renpy/common/00action_data.rpy", 74], "layeredimage.parse_group": ["renpy/common/00layeredimage.rpy", 924], "_warper.easein_cubic": ["renpy/common/000atl.rpy", 84], "HideInterface.__call__": ["renpy/common/00action_other.rpy", 157], "_SetRenderer.__init__": ["renpy/common/00gltest.rpy", 34], "MusicRoom.queue_if_playing": ["renpy/common/00musicroom.rpy", 400], "FileCurrentPage": ["renpy/common/00action_file.rpy", 179], "_m1__errorhandling__YScrollValue.get_style": ["renpy/common/_errorhandling.rpym", 519], "achievement.grant_progress": ["renpy/common/00achievement.rpy", 379], "updater.UpdateVersion": ["renpy/common/00updater.rpy", 1456], "_m1__errorhandling__YScrollValue.__init__": ["renpy/common/_errorhandling.rpym", 509], "MusicRoom.ToggleSingleTrack": ["renpy/common/00musicroom.rpy", 570], "gui._gui_images": ["renpy/common/00gui.rpy", 441], "ToggleVoiceMute.__call__": ["renpy/common/00voice.rpy", 282], "_m1__errorhandling__XScrollValue.get_adjustment": ["renpy/common/_errorhandling.rpym", 498], "layeredimage.Attribute.get_displayable": ["renpy/common/00layeredimage.rpy", 246], "FieldInputValue.set_text": ["renpy/common/00inputvalues.rpy", 219], "build.make_file_lists": ["renpy/common/00build.rpy", 30], "Replay.get_sensitive": ["renpy/common/00action_other.rpy", 433], "Placeholder._duplicate": ["renpy/common/00placeholder.rpy", 189], "updater.Updater.add_dlc_state": ["renpy/common/00updater.rpy", 751], "layeredimage.LayeredImageProxy._choose_attributes": ["renpy/common/00layeredimage.rpy", 1155], "FilePageNext.predict": ["renpy/common/00action_file.rpy", 824], "_console.PrettyRepr.repr_RevertableDict": ["renpy/common/00console.rpy", 196], "RestartStatement.__call__": ["renpy/common/00action_other.rpy", 270], "ToggleField.__init__": ["renpy/common/00action_data.rpy", 201], "_warper.easeout": ["renpy/common/000atl.rpy", 42], "DictValue.changed": ["renpy/common/00barvalues.rpy", 171], "FilePagePrevious.__init__": ["renpy/common/00action_file.rpy", 853], "layeredimage.ConditionGroup.apply_format": ["renpy/common/00layeredimage.rpy", 415], "iap.AndroidBackend.wait_for_result": ["renpy/common/00iap.rpy", 143], "Queue.__call__": ["renpy/common/00action_audio.rpy", 105], "_console.renpy_watch": ["renpy/common/00console.rpy", 834], "achievement.SteamBackend.has": ["renpy/common/00achievement.rpy", 231], "_console.exit": ["renpy/common/00console.rpy", 776], "updater.Update.__call__": ["renpy/common/00updater.rpy", 1449], "AudioPositionValue.periodic": ["renpy/common/00barvalues.rpy", 544], "hyperlink_styler": ["renpy/common/00defaults.rpy", 186], "SetField.__init__": ["renpy/common/00action_data.rpy", 68], "_screenshot": ["renpy/common/00keymap.rpy", 277], "_console.short": ["renpy/common/00console.rpy", 919], "SaturationMatrix.__init__": ["renpy/common/00matrixcolor.rpy", 129], "_MultiplyMatrix.__call__": ["renpy/common/00matrixcolor.rpy", 81], "_console.watch_after_load": ["renpy/common/00console.rpy", 863], "PlayCharacterVoice.__call__": ["renpy/common/00voice.rpy", 227], "_warper.ease_back": ["renpy/common/000atl.rpy", 175], "AnimatedValue.periodic": ["renpy/common/00barvalues.rpy", 85], "XScrollValue.get_style": ["renpy/common/00barvalues.rpy", 486], "_console.PrettyRepr.repr_frozenset": ["renpy/common/00console.rpy", 188], "director.SetTransition.__init__": ["renpy/common/00director.rpy", 1131], "Start.__init__": ["renpy/common/00action_menu.rpy", 144], "QueueEvent.__call__": ["renpy/common/00action_other.rpy", 500], "_m1_00gallery__GalleryImage.show": ["renpy/common/00gallery.rpy", 79], "MusicRoom.Stop": ["renpy/common/00musicroom.rpy", 497], "ScreenVariableValue.get_style": ["renpy/common/00barvalues.rpy", 431], "Return.__init__": ["renpy/common/00action_control.rpy", 53], "_warper.ease_cubic": ["renpy/common/000atl.rpy", 88], "layeredimage.RawCondition.__init__": ["renpy/common/00layeredimage.rpy", 397], "achievement.get_progress": ["renpy/common/00achievement.rpy", 344], "achievement.grant": ["renpy/common/00achievement.rpy", 312], "build.clear": ["renpy/common/00build.rpy", 194], "_predict_statements": ["renpy/common/00library.rpy", 217], "director.get_attributes": ["renpy/common/00director.rpy", 630], "_m1_00gallery__GalleryButton.__init__": ["renpy/common/00gallery.rpy", 106], "DictInputValue.get_text": ["renpy/common/00inputvalues.rpy", 248], "_BaseMatrix.__ne__": ["renpy/common/00matrixcolor.rpy", 56], "gui.text_properties": ["renpy/common/00gui.rpy", 324], "NVLSpeaker.pop_nvl_list": ["renpy/common/00nvl_mode.rpy", 336], "RemoveFromSet.__call__": ["renpy/common/00action_data.rpy", 444], "_m1_00musicroom__MusicRoomPlay.periodic": ["renpy/common/00musicroom.rpy", 60], "SetMute.get_selected": ["renpy/common/00action_audio.rpy", 187], "ScreenVariableInputValue.__init__": ["renpy/common/00inputvalues.rpy", 171], "director.Stop.__call__": ["renpy/common/00director.rpy", 739], "_m1_00action_data__get_field": ["renpy/common/00action_data.rpy", 29], "_DisplayReset.__call__": ["renpy/common/00preferences.rpy", 73], "updater.Updater.unpack": ["renpy/common/00updater.rpy", 1136], "FilePagePrevious.__call__": ["renpy/common/00action_file.rpy", 884], "_m1_00musicroom__MusicRoomTogglePause.__call__": ["renpy/common/00musicroom.rpy", 127], "_help": ["renpy/common/00keymap.rpy", 243], "RollForward.__call__": ["renpy/common/00action_other.rpy", 282], "director.audio_code_to_filename": ["renpy/common/00director.rpy", 100], "_SplineInterpolator.init_values": ["renpy/common/00splines.rpy", 64], "Confirm.__call__": ["renpy/common/00action_other.rpy", 572], "MusicRoom.periodic": ["renpy/common/00musicroom.rpy", 270], "Gallery.transform": ["renpy/common/00gallery.rpy", 260], "GetCharacterVolume": ["renpy/common/00voice.rpy", 188], "achievement.Backend.has": ["renpy/common/00achievement.rpy", 66], "MusicRoom.is_unlocked": ["renpy/common/00musicroom.rpy", 319], "Placeholder.render": ["renpy/common/00placeholder.rpy", 204], "_navigation": ["renpy/common/_layout/classic_navigation.rpym", 39], "_m1_developer__FPSMeter.__call__": ["renpy/common/_developer/developer.rpym", 348], "layeredimage.RawAttributeGroup.__init__": ["renpy/common/00layeredimage.rpy", 282], "_m1_00themes__AWTBullet": ["renpy/common/00themes.rpy", 790], "layeredimage.LayeredImage.format": ["renpy/common/00layeredimage.rpy", 605], "_m1_00gallery__GalleryToggleSlideshow.__init__": ["renpy/common/00gallery.rpy", 129], "hyperlink_sensitive": ["renpy/common/00defaults.rpy", 205], "_voice_history_callback": ["renpy/common/00voice.rpy", 393], "_m1_00action_other__TooltipAction.__init__": ["renpy/common/00action_other.rpy", 311], "NVLSpeaker.do_add": ["renpy/common/00nvl_mode.rpy", 340], "_console.DebugConsole.newer": ["renpy/common/00console.rpy", 531], "_memory_profile": ["renpy/common/00keymap.rpy", 366], "_console.BoundedList.clear": ["renpy/common/00console.rpy", 388], "Gallery.Previous": ["renpy/common/00gallery.rpy", 548], "MouseDisplayable.add": ["renpy/common/00mousedisplayable.rpy", 55], "_BaseMatrix.__call__": ["renpy/common/00matrixcolor.rpy", 39], "Gallery.allprior": ["renpy/common/00gallery.rpy", 300], "SensitiveIf.__call__": ["renpy/common/00action_other.rpy", 130], "layeredimage.LayeredImage._choose_attributes": ["renpy/common/00layeredimage.rpy", 749], "_console.DebugConsole.show_stdio": ["renpy/common/00console.rpy", 590], "SetDict.get_selected": ["renpy/common/00action_data.rpy", 115], "build.package": ["renpy/common/00build.rpy", 265], "layeredimage.Attribute.apply_format": ["renpy/common/00layeredimage.rpy", 236], "_console.ScriptErrorHandler.__init__": ["renpy/common/00console.rpy", 446]}, "screen": {"_exception": ["renpy/common/_errorhandling.rpym", 576], "load": ["game/screens.rpy", 627], "director_move_button": ["renpy/common/00director.rpy", 1477], "_style_inspector": ["renpy/common/_developer/inspector.rpym", 109], "help": ["game/screens.rpy", 1003], "r3_1": ["game/scenes/r3.rpy", 1], "r2_1": ["game/scenes/r2.rpy", 1], "_choose_renderer": ["renpy/common/00gltest.rpy", 50], "confirm": ["game/screens.rpy", 1171], "ringTone": ["game/scenes/scene1.rpy", 58], "director_statement": ["renpy/common/00director.rpy", 1559], "say": ["game/screens.rpy", 127], "_accessibility": ["renpy/common/00accessibility.rpy", 114], "_variable_viewer": ["renpy/common/_developer/developer.rpym", 113], "notify": ["game/screens.rpy", 1287], "scene1_2": ["game/scenes/scene1.rpy", 92], "scene2_2": ["game/scenes/scene2.rpy", 28], "scene2_1": ["game/scenes/scene2.rpy", 1], "_touch_keyboard": ["renpy/common/00touchkeyboard.rpy", 105], "main_menu": ["game/screens.rpy", 394], "keyboard_help": ["game/screens.rpy", 1032], "director_attributes": ["renpy/common/00director.rpy", 1704], "director_audio_statement": ["renpy/common/00director.rpy", 1599], "nvl": ["game/screens.rpy", 1326], "preferences": ["game/screens.rpy", 747], "r3_2": ["game/scenes/r3.rpy", 38], "overlay": ["game/screens.rpy", 93], "r1_mv5": ["game/images_define.rpy", 271], "_image_load_log": ["renpy/common/_developer/developer.rpym", 600], "_image_location_picker": ["renpy/common/_developer/developer.rpym", 492], "director_channel": ["renpy/common/00director.rpy", 1778], "iconbutton": ["renpy/common/00iconbutton.rpy", 32], "_gallery": ["renpy/common/00gallery.rpy", 586], "r1_mv1": ["game/images_define.rpy", 235], "_inspector": ["renpy/common/_developer/inspector.rpym", 27], "_trace_screen": ["renpy/common/00console.rpy", 1021], "mouse_help": ["game/screens.rpy", 1083], "input": ["game/screens.rpy", 201], "director_lines": ["renpy/common/00director.rpy", 1492], "save": ["game/screens.rpy", 620], "director_kind": ["renpy/common/00director.rpy", 1667], "skip_indicator": ["game/screens.rpy", 1233], "file_slots": ["game/screens.rpy", 634], "_image_attributes": ["renpy/common/_developer/developer.rpym", 74], "_gamepad_control": ["renpy/common/00gamepad.rpy", 44], "_progress": ["renpy/common/00keymap.rpy", 385], "_auto_voice": ["renpy/common/00voice.rpy", 501], "r1_mv4": ["game/images_define.rpy", 262], "gamepad_help": ["game/screens.rpy", 1106], "scene1_1": ["game/scenes/scene1.rpy", 5], "r1_1": ["game/scenes/r1.rpy", 1], "director_behind": ["renpy/common/00director.rpy", 1741], "director_audio": ["renpy/common/00director.rpy", 1796], "_console": ["renpy/common/00console.rpy", 936], "choice": ["game/screens.rpy", 233], "director": ["renpy/common/00director.rpy", 1817], "game_menu": ["game/screens.rpy", 457], "_self_voicing": ["renpy/common/00preferences.rpy", 595], "updater": ["renpy/common/00updater.rpy", 1543], "director_choices": ["renpy/common/00director.rpy", 1645], "final_screen": ["game/scenes/scene1.rpy", 48], "r1_mv3": ["game/images_define.rpy", 253], "r1_mv2": ["game/images_define.rpy", 244], "_performance_warning": ["renpy/common/00gltest.rpy", 235], "_parse_errors": ["renpy/common/_errorhandling.rpym", 658], "_developer": ["renpy/common/_developer/developer.rpym", 27], "director_with_statement": ["renpy/common/00director.rpy", 1587], "quick_menu": ["game/screens.rpy", 1447], "scene3_2": ["game/scenes/scene3.rpy", 62], "about": ["game/screens.rpy", 582], "scene3_1": ["game/scenes/scene3.rpy", 4], "_ctc": ["renpy/common/00library.rpy", 427], "scene4_1": ["game/scenes/scene4.rpy", 1], "director_transform": ["renpy/common/00director.rpy", 1722], "nvl_dialogue": ["game/screens.rpy", 1358], "_exception_actions": ["renpy/common/_errorhandling.rpym", 551], "_missing_images": ["renpy/common/_developer/developer.rpym", 300], "_performance": ["renpy/common/00performance.rpy", 29], "_gamepad_select": ["renpy/common/00gamepad.rpy", 22], "director_footer": ["renpy/common/00director.rpy", 1617], "history": ["game/screens.rpy", 913], "navigation": ["game/screens.rpy", 315], "director_tag": ["renpy/common/00director.rpy", 1688], "director_with": ["renpy/common/00director.rpy", 1760], "gallery_navigation": ["renpy/common/00gallery.rpy", 603]}, "define": {"gui.accent_color": ["game/gui.rpy", 25], "gui.interface_text_size": ["game/gui.rpy", 71], "build.name": ["game/options.rpy", 37], "gui.bar_tile": ["game/gui.rpy", 294], "gui.nvl_thought_xpos": ["game/gui.rpy", 366], "gui.slot_button_text_idle_color": ["game/gui.rpy", 214], "config.history_length": ["game/gui.rpy", 317], "config.after_load_transition": ["game/options.rpy", 82], "gui.page_spacing": ["game/gui.rpy", 253], "gui.page_button_borders": ["game/gui.rpy", 174], "gui.idle_color": ["game/gui.rpy", 28], "config.enter_transition": ["game/options.rpy", 71], "config.window": ["game/options.rpy", 103], "touch_times": ["game/scenes/scene1.rpy", 2], "gui.slider_tile": ["game/gui.rpy", 296], "gui.notify_ypos": ["game/gui.rpy", 238], "gui.nvl_button_xalign": ["game/gui.rpy", 373], "gui.nvl_spacing": ["game/gui.rpy", 351], "fade": ["renpy/common/00definitions.rpy", 335], "_nvl_language": ["renpy/common/00nvl_mode.rpy", 45], "gui.frame_borders": ["game/gui.rpy", 267], "blinds": ["renpy/common/00definitions.rpy", 375], "gui.slot_button_borders": ["game/gui.rpy", 211], "wipeleft": ["renpy/common/00definitions.rpy", 341], "gui.scrollbar_borders": ["game/gui.rpy", 300], "pushright": ["renpy/common/00definitions.rpy", 359], "gui.pref_spacing": ["game/gui.rpy", 247], "gui.dialogue_text_xalign": ["game/gui.rpy", 129], "gui.nvl_text_xpos": ["game/gui.rpy", 360], "config.window_icon": ["game/options.rpy", 143], "gui.muted_color": ["game/gui.rpy", 45], "gui.dialogue_ypos": ["game/gui.rpy", 123], "vcentered": ["renpy/common/00definitions.rpy", 443], "config.has_sound": ["game/options.rpy", 46], "gui.button_text_font": ["game/gui.rpy", 147], "gui.nvl_name_ypos": ["game/gui.rpy", 355], "gui.game_menu_background": ["game/gui.rpy", 87], "irisout": ["renpy/common/00definitions.rpy", 355], "gui.choice_button_text_hover_color": ["game/gui.rpy", 199], "gui.nvl_button_xpos": ["game/gui.rpy", 372], "gui.name_xalign": ["game/gui.rpy", 107], "irisin": ["renpy/common/00definitions.rpy", 356], "gui.namebox_borders": ["game/gui.rpy", 114], "gui.frame_tile": ["game/gui.rpy", 279], "gui.nvl_text_xalign": ["game/gui.rpy", 363], "gui.vbar_borders": ["game/gui.rpy", 304], "config.end_game_transition": ["game/options.rpy", 87], "slideawayleft": ["renpy/common/00definitions.rpy", 351], "gui.dialogue_xpos": ["game/gui.rpy", 122], "wipedown": ["renpy/common/00definitions.rpy", 343], "wiperight": ["renpy/common/00definitions.rpy", 340], "slideawaydown": ["renpy/common/00definitions.rpy", 353], "gui.main_menu_text_xalign": ["game/gui.rpy", 259], "config.version": ["game/options.rpy", 24], "gui.history_text_width": ["game/gui.rpy", 331], "gui.radio_button_borders": ["game/gui.rpy", 168], "gui.button_text_size": ["game/gui.rpy", 150], "slideleft": ["renpy/common/00definitions.rpy", 346], "config.window_hide_transition": ["game/options.rpy", 109], "gui.about": ["game/options.rpy", 29], "bird_actions": ["game/scenes/scene1.rpy", 1], "pixellate": ["renpy/common/00definitions.rpy", 337], "gui.vslider_borders": ["game/gui.rpy", 306], "squares": ["renpy/common/00definitions.rpy", 376], "slideright": ["renpy/common/00definitions.rpy", 345], "gui.choice_button_borders": ["game/gui.rpy", 194], "config.intra_transition": ["game/options.rpy", 77], "gui.slot_button_width": ["game/gui.rpy", 209], "gui.choice_button_text_xalign": ["game/gui.rpy", 197], "gui.history_name_xpos": ["game/gui.rpy", 323], "gui.system_font": ["game/tl/None/common.rpym", 1252], "gui.show_name": ["game/options.rpy", 19], "gui.slot_button_text_selected_hover_color": ["game/gui.rpy", 216], "gui.title_text_size": ["game/gui.rpy", 80], "gui.slot_button_text_selected_idle_color": ["game/gui.rpy", 215], "pushleft": ["renpy/common/00definitions.rpy", 360], "gui.button_text_idle_color": ["game/gui.rpy", 153], "gui.notify_frame_borders": ["game/gui.rpy", 276], "hpunch": ["renpy/common/00definitions.rpy", 372], "gui.navigation_xpos": ["game/gui.rpy", 232], "gui.slot_button_height": ["game/gui.rpy", 210], "gui.history_text_ypos": ["game/gui.rpy", 330], "config.nvl_list_length": ["game/screens.rpy", 1378], "_version": ["renpy/common/00defaults.rpy", 226], "config.name": ["game/options.rpy", 14], "dissolve": ["renpy/common/00definitions.rpy", 336], "gui.notify_text_size": ["game/gui.rpy", 77], "config.has_voice": ["game/options.rpy", 48], "gui.selected_color": ["game/gui.rpy", 38], "gui.history_text_xpos": ["game/gui.rpy", 329], "gui.skip_frame_borders": ["game/gui.rpy", 273], "gui.confirm_button_text_xalign": ["game/gui.rpy", 172], "gui.text_font": ["game/gui.rpy", 56], "config.thumbnail_width": ["game/gui.rpy", 219], "gui.main_menu_background": ["game/gui.rpy", 86], "gui.button_width": ["game/gui.rpy", 137], "gui.button_text_selected_color": ["game/gui.rpy", 155], "gui.nvl_thought_ypos": ["game/gui.rpy", 367], "config.save_directory": ["game/options.rpy", 136], "gui.skip_ypos": ["game/gui.rpy", 235], "gui.namebox_tile": ["game/gui.rpy", 117], "gui.nvl_text_width": ["game/gui.rpy", 362], "gui.hover_color": ["game/gui.rpy", 34], "gui.interface_text_color": ["game/gui.rpy", 50], "gui.navigation_spacing": ["game/gui.rpy", 244], "gui.slot_button_text_size": ["game/gui.rpy", 212], "gui.idle_small_color": ["game/gui.rpy", 31], "config.exit_transition": ["game/options.rpy", 72], "gui.button_text_xalign": ["game/gui.rpy", 160], "gui.name_xpos": ["game/gui.rpy", 103], "gui.name_text_size": ["game/gui.rpy", 68], "slideawayup": ["renpy/common/00definitions.rpy", 352], "s3_b_car": ["game/scenes/scene3.rpy", 1], "gui.file_slot_rows": ["game/gui.rpy", 224], "gui.button_text_insensitive_color": ["game/gui.rpy", 156], "slidedown": ["renpy/common/00definitions.rpy", 348], "gui.hover_muted_color": ["game/gui.rpy", 46], "gui.scrollbar_size": ["game/gui.rpy", 290], "gui.quick_button_text_selected_color": ["game/gui.rpy", 179], "gui.nvl_text_ypos": ["game/gui.rpy", 361], "gui.history_height": ["game/gui.rpy", 320], "centered": ["renpy/common/00definitions.rpy", 442], "gui.text_size": ["game/gui.rpy", 65], "gui.unscrollable": ["game/gui.rpy", 309], "wipeup": ["renpy/common/00definitions.rpy", 342], "gui.choice_button_text_font": ["game/gui.rpy", 195], "gui.slot_spacing": ["game/gui.rpy", 256], "gui.quick_button_text_idle_color": ["game/gui.rpy", 178], "_menu": ["renpy/common/00gamemenu.rpy", 136], "config.narrator_menu": ["game/screens.rpy", 243], "gui.nvl_height": ["game/gui.rpy", 347], "gui.choice_button_height": ["game/gui.rpy", 192], "gui.nvl_list_length": ["game/gui.rpy", 344], "quick_menu": ["game/screens.rpy", 295], "gui.insensitive_color": ["game/gui.rpy", 41], "gui.bar_borders": ["game/gui.rpy", 299], "gui.dialogue_width": ["game/gui.rpy", 126], "gui.scrollbar_tile": ["game/gui.rpy", 295], "gui.quick_button_text_size": ["game/gui.rpy", 177], "zoomout": ["renpy/common/00definitions.rpy", 366], "config.has_music": ["game/options.rpy", 47], "_console.traced_expressions": ["renpy/common/00console.rpy", 1019], "gui.textbox_height": ["game/gui.rpy", 95], "gui.file_slot_cols": ["game/gui.rpy", 223], "gui.text_color": ["game/gui.rpy", 49], "gui.history_name_xalign": ["game/gui.rpy", 326], "zoominout": ["renpy/common/00definitions.rpy", 367], "gui.namebox_height": ["game/gui.rpy", 111], "gui.button_text_hover_color": ["game/gui.rpy", 154], "gui.textbox_yalign": ["game/gui.rpy", 98], "scene_pos": ["game/screens.rpy", 91], "slideup": ["renpy/common/00definitions.rpy", 347], "gui.nvl_name_width": ["game/gui.rpy", 356], "gui.choice_button_text_idle_color": ["game/gui.rpy", 198], "config.main_menu_music": ["game/screens.rpy", 8], "gui.button_borders": ["game/gui.rpy", 141], "gui.button_tile": ["game/gui.rpy", 144], "pushdown": ["renpy/common/00definitions.rpy", 362], "narrator": ["game/script.rpy", 1], "gui.nvl_thought_width": ["game/gui.rpy", 368], "gui.choice_button_tile": ["game/gui.rpy", 193], "s3_b_game": ["game/scenes/scene3.rpy", 2], "gui.history_name_width": ["game/gui.rpy", 325], "_history": ["renpy/common/00library.rpy", 432], "gui.language": ["game/gui.rpy", 380], "slideawayright": ["renpy/common/00definitions.rpy", 350], "vpunch": ["renpy/common/00definitions.rpy", 371], "pushup": ["renpy/common/00definitions.rpy", 361], "gui.nvl_name_xalign": ["game/gui.rpy", 357], "gui.label_text_size": ["game/gui.rpy", 74], "gui.nvl_thought_xalign": ["game/gui.rpy", 369], "gui.namebox_width": ["game/gui.rpy", 110], "_history_list": ["renpy/common/00library.rpy", 433], "gui.choice_button_text_insensitive_color": ["game/gui.rpy", 200], "gui.slider_borders": ["game/gui.rpy", 301], "gui.history_allow_tags": ["game/screens.rpy", 954], "gui.name_text_font": ["game/gui.rpy", 59], "gui.name_ypos": ["game/gui.rpy", 104], "gui.nvl_borders": ["game/gui.rpy", 340], "gui.pref_button_spacing": ["game/gui.rpy", 250], "config.thumbnail_height": ["game/gui.rpy", 220], "zoomin": ["renpy/common/00definitions.rpy", 365], "gui.bar_size": ["game/gui.rpy", 289], "gui.choice_button_width": ["game/gui.rpy", 191], "gui.interface_text_font": ["game/gui.rpy", 62], "_narrator": ["renpy/common/00definitions.rpy", 441], "accounting_re": ["game/scenes/scene1.rpy", 3], "gui.history_name_ypos": ["game/gui.rpy", 324], "gui.slot_button_text_xalign": ["game/gui.rpy", 213], "gui.nvl_name_xpos": ["game/gui.rpy", 354], "gui.confirm_frame_borders": ["game/gui.rpy", 270], "gui.slider_size": ["game/gui.rpy", 291], "config.window_show_transition": ["game/options.rpy", 108], "gui.history_text_xalign": ["game/gui.rpy", 332], "gui.button_height": ["game/gui.rpy", 138], "gui.check_button_borders": ["game/gui.rpy", 170], "gui.choice_spacing": ["game/gui.rpy", 241], "gui.quick_button_borders": ["game/gui.rpy", 176], "gui.choice_button_text_size": ["game/gui.rpy", 196], "gui.vscrollbar_borders": ["game/gui.rpy", 305]}, "transform": {"reset": ["renpy/common/00definitions.rpy", 29], "truecenter": ["renpy/common/00definitions.rpy", 44], "right": ["renpy/common/00definitions.rpy", 38], "center": ["renpy/common/00definitions.rpy", 41], "_moveleft": ["renpy/common/00definitions.rpy", 72], "topleft": ["renpy/common/00definitions.rpy", 47], "default": ["renpy/common/00definitions.rpy", 65], "top": ["renpy/common/00definitions.rpy", 53], "_movebottom": ["renpy/common/00definitions.rpy", 81], "topright": ["renpy/common/00definitions.rpy", 50], "delayed_blink": ["game/screens.rpy", 1251], "_movetop": ["renpy/common/00definitions.rpy", 78], "_moveright": ["renpy/common/00definitions.rpy", 75], "Swing": ["renpy/common/00definitions.rpy", 378], "notify_appear": ["game/screens.rpy", 1298], "offscreenleft": ["renpy/common/00definitions.rpy", 59], "_touch_keyboard": ["renpy/common/00touchkeyboard.rpy", 89], "_notify_transform": ["renpy/common/00action_other.rpy", 654], "offscreenright": ["renpy/common/00definitions.rpy", 62], "left": ["renpy/common/00definitions.rpy", 35]}, "label": {"_game_menu_preferences": ["renpy/common/00gamemenu.rpy", 194], "_return_skipping": ["renpy/common/00gamemenu.rpy", 209], "preferences_screen": ["renpy/common/_layout/screen_preferences.rpym", 26], "_call__load_reload_game_1": ["renpy/common/00start.rpy", 212], "_console_return": ["renpy/common/00console.rpy", 1061], "_choose_renderer": ["renpy/common/00gltest.rpy", 397], "_filename_list": ["renpy/common/_developer/developer.rpym", 576], "_return_fast_skipping": ["renpy/common/00gamemenu.rpy", 205], "_confirm_quit": ["renpy/common/00gamemenu.rpy", 228], "_load_reload_game": ["renpy/common/00keymap.rpy", 499], "_start": ["renpy/common/00start.rpy", 184], "_quit": ["renpy/common/00gamemenu.rpy", 202], "_game_menu_load": ["renpy/common/00gamemenu.rpy", 186], "_invoke_main_menu": ["renpy/common/00start.rpy", 270], "_renpy_return": ["renpy/common/00library.rpy", 410], "start": ["game/script.rpy", 4], "main_menu_screen": ["renpy/common/_layout/screen_main_menu.rpym", 26], "_quit_prompt": ["renpy/common/00layout.rpy", 75], "_noisy_return": ["renpy/common/00gamemenu.rpy", 214], "_call__enter_game_menu_1": ["renpy/common/00gamemenu.rpy", 179], "_call__enter_game_menu_0": ["renpy/common/00gamemenu.rpy", 166], "_call__enter_game_menu_3": ["renpy/common/00gamemenu.rpy", 195], "_call__enter_game_menu_2": ["renpy/common/00gamemenu.rpy", 187], "_debugger_screen": ["renpy/common/_developer/developer.rpym", 158], "_main_menu_prompt": ["renpy/common/00layout.rpy", 84], "_image_attributes": ["renpy/common/_developer/developer.rpym", 105], "save_screen": ["renpy/common/_layout/screen_load_save.rpym", 32], "_main_menu_screen": ["renpy/common/00start.rpy", 304], "_after_warp": ["renpy/common/00start.rpy", 123], "_hide_windows": ["renpy/common/00keymap.rpy", 445], "_gl_test": ["renpy/common/00gltest.rpy", 380], "_console": ["renpy/common/00console.rpy", 1051], "joystick_preferences_screen": ["renpy/common/_layout/classic_joystick_preferences.rpym", 118], "_start_replay": ["renpy/common/00start.rpy", 155], "_errorhandling": ["renpy/common/_errorhandling.rpym", 46], "_start_store": ["renpy/common/00start.rpy", 139], "_save_reload_game": ["renpy/common/00keymap.rpy", 468], "_splashscreen": ["renpy/common/00start.rpy", 167], "_developer": ["renpy/common/00library.rpy", 415], "_game_menu_save": ["renpy/common/00gamemenu.rpy", 178], "_theme_test": ["renpy/common/_developer/developer.rpym", 205], "_image_location_picker_done": ["renpy/common/_developer/developer.rpym", 572], "_fps_meter": ["renpy/common/_developer/developer.rpym", 364], "_image_location_picker": ["renpy/common/_developer/developer.rpym", 530], "_call_enter_game_menu_1": ["renpy/common/00gamemenu.rpy", 152], "_call_splashscreen_1": ["renpy/common/00start.rpy", 233], "_main_menu": ["renpy/common/00start.rpy", 288], "_after_load": ["renpy/common/00start.rpy", 84], "_enter_game_menu": ["renpy/common/00gamemenu.rpy", 146], "load_screen": ["renpy/common/_layout/screen_load_save.rpym", 26], "_game_menu": ["renpy/common/00gamemenu.rpy", 160], "_style_reset": ["renpy/common/00style.rpy", 394], "_return": ["renpy/common/00gamemenu.rpy", 218]}}, "error": false, "size": [1280, 720], "build": {"documentation_patterns": ["*.html", "*.txt"], "directory_name": "PARACROSS2022-1.0", "display_name": "PARA-CROSS", "mac_info_plist": {}, "script_version": true, "include_i686": true, "destination": "PARACROSS2022-1.0-dists", "renpy": false, "allow_integrated_gpu": true, "include_update": false, "android_permissions": [], "merge": [["linux_i686", "linux"], ["windows_i686", "windows"]], "base_patterns": [["*.py", null], ["*.sh", null], ["*.app/", null], ["*.dll", null], ["*.manifest", null], ["lib/", null], ["renpy/", null], ["update/", null], ["common/", null], ["update/", null], ["old-game/", null], ["icon.ico", null], ["icon.icns", null], ["project.json", null], ["log.txt", null], ["errors.txt", null], ["traceback.txt", null], ["image_cache.txt", null], ["text_overflow.txt", null], ["dialogue.txt", null], ["dialogue.tab", null], ["profile_screen.txt", null], ["files.txt", null], ["memory.txt", null], ["tmp/", null], ["game/saves/", null], ["game/bytecode.rpyb", null], ["archived/", null], ["launcherinfo.py", null], ["android.txt", null], ["game/presplash*.*", ["all"]], [".android.json", ["android"]], ["android-*.png", ["android"]], ["android-*.jpg", ["android"]], ["ouya_icon.png", null], ["ios-presplash.*", ["ios"]], ["ios-launchimage.png", null], ["ios-icon.png", null], ["web-presplash.png", ["web"]], ["web-presplash.jpg", ["web"]], ["web-presplash.webp", ["web"]], ["progressive_download.txt", ["web"]], ["steam_appid.txt", null], ["**~", null], ["**.bak", null], ["**/.**", null], ["**/#**", null], ["**/thumbs.db", null], [".*", null], ["**", ["all"]]], "version": "1.0", "change_icon_i686": true, "archives": [["archive", ["all"]]], "xbit_patterns": ["**.sh", "lib/linux-*/*", "lib/mac-*/*", "**.app/Contents/MacOS/*"], "exclude_empty_directories": true, "renpy_patterns": [["renpy/common/_compat/**", null], ["renpy/common/_roundrect/**", null], ["renpy/common/_outline/**", null], ["renpy/common/_theme**", null], ["**~", null], ["**/#*", null], ["**/.*", null], ["**.old", null], ["**.new", null], ["**.rpa", null], ["**/*.pyc", null], ["**/steam_appid.txt", null], ["renpy.py", ["all"]], ["renpy/", ["all"]], ["renpy/**.py", ["renpy"]], ["renpy/**.pyx", ["renpy"]], ["renpy/**.pyd", ["renpy"]], ["renpy/**.pxi", ["renpy"]], ["renpy/common/", ["all"]], ["renpy/common/_compat/**", ["renpy"]], ["renpy/common/**.rpy", ["renpy"]], ["renpy/common/**.rpym", ["renpy"]], ["renpy/common/_compat/**", ["renpy"]], ["renpy/common/**", ["all"]], ["renpy/**", ["all"]], ["lib/*/renpy", null], ["lib/*/renpy.exe", null], ["lib/*/pythonw.exe", null], ["lib/windows-i686/**", ["windows_i686"]], ["lib/windows-x86_64/**", ["windows"]], ["lib/linux-i686/**", ["linux_i686"]], ["lib/linux-*/**", ["linux"]], ["lib/mac-*/**", ["mac"]], ["lib/**", ["windows", "linux", "mac", "android", "ios"]], ["renpy.sh", ["linux", "mac"]]], "packages": [{"dlc": false, "hidden": false, "description": "PC: Windows and Linux", "formats": ["zip"], "file_lists": ["windows", "linux", "renpy", "all"], "update": true, "name": "pc"}, {"dlc": false, "hidden": false, "description": "Linux", "formats": ["tar.bz2"], "file_lists": ["linux", "renpy", "all"], "update": true, "name": "linux"}, {"dlc": false, "hidden": false, "description": "Macintosh", "formats": ["app-zip", "app-dmg"], "file_lists": ["mac", "renpy", "all"], "update": true, "name": "mac"}, {"dlc": false, "hidden": false, "description": "Windows", "formats": ["zip"], "file_lists": ["windows", "renpy", "all"], "update": true, "name": "win"}, {"dlc": false, "hidden": false, "description": "Windows, Mac, Linux for Markets", "formats": ["zip"], "file_lists": ["windows", "linux", "mac", "renpy", "all"], "update": true, "name": "market"}, {"dlc": false, "hidden": true, "description": "steam", "formats": ["zip"], "file_lists": ["windows", "linux", "mac", "renpy", "all"], "update": true, "name": "steam"}, {"dlc": true, "hidden": true, "description": "android", "formats": ["directory"], "file_lists": ["android", "all"], "update": false, "name": "android"}, {"dlc": true, "hidden": true, "description": "ios", "formats": ["directory"], "file_lists": ["ios", "all"], "update": false, "name": "ios"}, {"dlc": true, "hidden": true, "description": "web", "formats": ["zip"], "file_lists": ["web", "all"], "update": false, "name": "web"}], "executable_name": "PARACROSS2022"}}